time,latitude,longitude,altitude (m)
2020-10-04 15:01,45.42486600,-73.86425,26.5
2020-10-04 15:02,45.42486600,-73.86425,26.3
2020-10-04 15:02,45.42487800,-73.864255,26.3
2020-10-04 15:02,45.42492300,-73.86421,26.5
2020-10-04 15:02,45.42494300,-73.864205,26.9
2020-10-04 15:02,45.42495300,-73.864212,27.2
2020-10-04 15:02,45.42498700,-73.864247,27.5
2020-10-04 15:02,45.42501700,-73.864278,29.1
2020-10-04 15:02,45.42501700,-73.864278,28.8
2020-10-04 15:02,45.42501400,-73.864299,28.8
2020-10-04 15:02,45.42500900,-73.864312,28
2020-10-04 15:02,45.42500200,-73.864321,27.4
2020-10-04 15:02,45.42495200,-73.864401,29.7
2020-10-04 15:02,45.42489400,-73.864481,30.1
2020-10-04 15:02,45.42487100,-73.864521,29.9
2020-10-04 15:03,45.42477000,-73.864648,27.7
2020-10-04 15:03,45.42472700,-73.864701,27.3
2020-10-04 15:03,45.42467400,-73.864749,27.5
2020-10-04 15:03,45.42463700,-73.864798,27.9
2020-10-04 15:03,45.42461100,-73.864825,27.8
2020-10-04 15:03,45.42456800,-73.864824,27.5
2020-10-04 15:03,45.42453300,-73.864853,27.5
2020-10-04 15:03,45.42450100,-73.864863,27.2
2020-10-04 15:03,45.42446400,-73.864843,26
2020-10-04 15:03,45.42441300,-73.864775,25.8
2020-10-04 15:03,45.42437600,-73.864756,25.7
2020-10-04 15:04,45.42399200,-73.864566,24.6
2020-10-04 15:04,45.42396000,-73.864542,24.2
2020-10-04 15:04,45.42384300,-73.864501,24.3
2020-10-04 15:04,45.42381000,-73.864481,23.8
2020-10-04 15:04,45.42378300,-73.864472,23.9
2020-10-04 15:05,45.42355500,-73.864393,24.5
2020-10-04 15:05,45.42346400,-73.86437,24.1
2020-10-04 15:05,45.42338100,-73.864357,23.8
2020-10-04 15:05,45.42327100,-73.864337,23.4
2020-10-04 15:05,45.42323600,-73.864303,23.6
2020-10-04 15:05,45.42322600,-73.864313,23.5
2020-10-04 15:05,45.42322600,-73.864313,23.6
2020-10-04 15:05,45.42322600,-73.864313,23.5
2020-10-04 15:05,45.42323000,-73.864326,23.4
2020-10-04 15:05,45.42320500,-73.864305,22.8
2020-10-04 15:06,45.42292800,-73.864157,21.8
2020-10-04 15:06,45.42286900,-73.86414,21.9
2020-10-04 15:06,45.42281600,-73.864103,21.7
2020-10-04 15:06,45.42262800,-73.864065,22.2
2020-10-04 15:06,45.42259800,-73.864093,22.6
2020-10-04 15:06,45.42246800,-73.864247,21.7
2020-10-04 15:06,45.42246800,-73.864247,21.7
2020-10-04 15:06,45.42246800,-73.864247,21.7
2020-10-04 15:07,45.42246800,-73.864247,21.4
2020-10-04 15:07,45.42248800,-73.864252,21.6
2020-10-04 15:07,45.42248800,-73.864293,22.2
2020-10-04 15:07,45.42243800,-73.864477,21.8
2020-10-04 15:07,45.42248200,-73.864721,23.6
2020-10-04 15:07,45.42257900,-73.865039,25.8
2020-10-04 15:07,45.42268100,-73.865184,24.8
2020-10-04 15:08,45.42274700,-73.865229,24.8
2020-10-04 15:08,45.42277000,-73.865259,25.3
2020-10-04 15:08,45.42279800,-73.865283,25.3
2020-10-04 15:08,45.42283900,-73.865294,25.2
2020-10-04 15:08,45.42286900,-73.865287,25.5
2020-10-04 15:08,45.42289300,-73.86528,25.4
2020-10-04 15:08,45.42293800,-73.86529,25.5
2020-10-04 15:08,45.42302800,-73.865299,25.9
2020-10-04 15:08,45.42305600,-73.865322,26.2
2020-10-04 15:08,45.42324600,-73.865424,25.4
2020-10-04 15:08,45.42324900,-73.865427,25.4
2020-10-04 15:08,45.42326400,-73.865441,25.7
2020-10-04 15:08,45.42329300,-73.865446,25.6
2020-10-04 15:09,45.42392500,-73.865847,26.3
2020-10-04 15:09,45.42396500,-73.865955,25.8
2020-10-04 15:09,45.42396900,-73.866016,25.4
2020-10-04 15:10,45.42391500,-73.866161,25.2
2020-10-04 15:10,45.42388900,-73.866202,25.1
2020-10-04 15:10,45.42387400,-73.866246,25
2020-10-04 15:10,45.42387400,-73.866294,24.8
2020-10-04 15:10,45.42386900,-73.866364,24.2
2020-10-04 15:10,45.42386900,-73.866364,23.8
2020-10-04 15:10,45.42387200,-73.866375,23.8
2020-10-04 15:10,45.42387300,-73.866379,23.8
2020-10-04 15:10,45.42387700,-73.866386,24
2020-10-04 15:10,45.42388500,-73.866394,24
2020-10-04 15:10,45.42394600,-73.866394,24.6
2020-10-04 15:10,45.42395100,-73.866389,23.7
2020-10-04 15:11,45.42395100,-73.866389,24.4
2020-10-04 15:11,45.42397300,-73.866368,24.8
2020-10-04 15:11,45.42397400,-73.86637,24.9
2020-10-04 15:11,45.42397400,-73.86637,24.8
2020-10-04 15:11,45.42396000,-73.866383,24.6
2020-10-04 15:11,45.42387500,-73.866465,25.5
2020-10-04 15:12,45.42396700,-73.866474,24.3
2020-10-04 15:12,45.42396700,-73.866474,24.7
2020-10-04 15:12,45.42397300,-73.866464,24.6
2020-10-04 15:12,45.42395500,-73.866467,24.7
2020-10-04 15:12,45.42387200,-73.866513,25.4
2020-10-04 15:12,45.42384500,-73.866532,25.7
2020-10-04 15:12,45.42381700,-73.86657,26.6
2020-10-04 15:12,45.42380100,-73.866618,27.6
2020-10-04 15:12,45.42378800,-73.866669,29
2020-10-04 15:12,45.42378600,-73.866672,29
2020-10-04 15:12,45.42378600,-73.866672,29.5
2020-10-04 15:12,45.42378600,-73.866672,29.5
2020-10-04 15:12,45.42378200,-73.866669,29.3
2020-10-04 15:12,45.42378200,-73.866669,29.3
2020-10-04 15:12,45.42378200,-73.866669,29.2
2020-10-04 15:12,45.42378200,-73.866669,29.2
2020-10-04 15:12,45.42377200,-73.866659,29.4
2020-10-04 15:12,45.42376800,-73.866667,28.9
2020-10-04 15:12,45.42376500,-73.866699,28.8
2020-10-04 15:12,45.42376500,-73.866699,27.6
2020-10-04 15:12,45.42376500,-73.866699,27.3
2020-10-04 15:12,45.42377700,-73.866707,27.6
2020-10-04 15:12,45.42377700,-73.866707,27.1
2020-10-04 15:13,45.42377700,-73.866707,28.1
2020-10-04 15:13,45.42379600,-73.866694,27.6
2020-10-04 15:13,45.42380100,-73.866655,27
2020-10-04 15:13,45.42379500,-73.866637,26.9
2020-10-04 15:13,45.42378800,-73.866631,27.3
2020-10-04 15:13,45.42375500,-73.866632,27.3
2020-10-04 15:13,45.42373300,-73.866658,27.5
2020-10-04 15:13,45.42371200,-73.866724,27.7
2020-10-04 15:13,45.42369700,-73.866784,27.6
2020-10-04 15:13,45.42367700,-73.866826,27.6
2020-10-04 15:13,45.42365300,-73.866886,27.6
2020-10-04 15:13,45.42360600,-73.866995,27.3
2020-10-04 15:13,45.42360300,-73.867053,27.7
2020-10-04 15:13,45.42358700,-73.867105,27.6
2020-10-04 15:14,45.42344700,-73.86763,26.7
2020-10-04 15:14,45.42345000,-73.867669,26.6
2020-10-04 15:14,45.42343500,-73.867766,26.5
2020-10-04 15:14,45.42341000,-73.867874,26.3
2020-10-04 15:14,45.42342100,-73.867907,26.5
2020-10-04 15:14,45.42342200,-73.86795,26.4
2020-10-04 15:14,45.42334600,-73.868242,26.4
2020-10-04 15:14,45.42333100,-73.868288,26.1
2020-10-04 15:15,45.42331300,-73.868447,26.7
2020-10-04 15:15,45.42329600,-73.868555,27
2020-10-04 15:15,45.42321700,-73.868879,29.1
2020-10-04 15:15,45.42319300,-73.868977,29.6
2020-10-04 15:15,45.42318700,-73.869028,28.5
2020-10-04 15:15,45.42307000,-73.869319,28.2
2020-10-04 15:15,45.42305600,-73.869377,27.9
2020-10-04 15:16,45.42303800,-73.869417,27.5
2020-10-04 15:16,45.42301800,-73.869372,26.4
2020-10-04 15:16,45.42299500,-73.869343,26.9
2020-10-04 15:16,45.42299100,-73.869336,26.6
2020-10-04 15:16,45.42299100,-73.869332,26.3
2020-10-04 15:16,45.42299100,-73.869332,26.3
2020-10-04 15:16,45.42299000,-73.869342,25.9
2020-10-04 15:16,45.42299200,-73.869349,25.9
2020-10-04 15:16,45.42299100,-73.869354,25.9
2020-10-04 15:16,45.42299000,-73.869355,26
2020-10-04 15:16,45.42299000,-73.869355,26
2020-10-04 15:16,45.42298800,-73.86935,25.7
2020-10-04 15:16,45.42298900,-73.869346,25.3
2020-10-04 15:16,45.42298900,-73.869346,25.3
2020-10-04 15:16,45.42298900,-73.869346,25.3
2020-10-04 15:16,45.42298900,-73.869346,25.4
2020-10-04 15:16,45.42300200,-73.869326,25.5
2020-10-04 15:16,45.42300200,-73.869326,25.5
2020-10-04 15:16,45.42300200,-73.869326,25.6
2020-10-04 15:16,45.42300700,-73.869331,25.3
2020-10-04 15:16,45.42303000,-73.869349,24.9
2020-10-04 15:16,45.42307100,-73.869365,25
2020-10-04 15:16,45.42308500,-73.869408,25.6
2020-10-04 15:16,45.42307600,-73.869466,25.5
2020-10-04 15:17,45.42300500,-73.869754,24.4
2020-10-04 15:17,45.42296400,-73.869884,25
2020-10-04 15:17,45.42296300,-73.869886,24.9
2020-10-04 15:17,45.42296300,-73.869886,24.9
2020-10-04 15:17,45.42296300,-73.869886,24.6
2020-10-04 15:17,45.42296300,-73.869886,24.6
2020-10-04 15:17,45.42297300,-73.86988,23.9
2020-10-04 15:17,45.42297300,-73.86988,23.2
2020-10-04 15:17,45.42297300,-73.86988,23.2
2020-10-04 15:17,45.42299000,-73.86987,23
2020-10-04 15:17,45.42299000,-73.86987,23
2020-10-04 15:17,45.42299000,-73.86987,23
2020-10-04 15:17,45.42299000,-73.86987,23
2020-10-04 15:17,45.42301400,-73.869866,22.8
2020-10-04 15:17,45.42301600,-73.869875,23.1
2020-10-04 15:17,45.42300800,-73.869949,24.1
2020-10-04 15:17,45.42297900,-73.870024,25
2020-10-04 15:17,45.42296500,-73.870062,24.9
2020-10-04 15:17,45.42295400,-73.870043,25
2020-10-04 15:17,45.42295600,-73.870035,24.8
2020-10-04 15:17,45.42295600,-73.870035,24.5
2020-10-04 15:17,45.42293700,-73.869994,24.4
2020-10-04 15:17,45.42293100,-73.869992,24.5
2020-10-04 15:17,45.42293100,-73.869992,24.5
2020-10-04 15:17,45.42293100,-73.869992,24.2
2020-10-04 15:17,45.42292200,-73.869981,24.1
2020-10-04 15:17,45.42294800,-73.869959,24
2020-10-04 15:18,45.42294800,-73.869959,24.3
2020-10-04 15:18,45.42294800,-73.869959,24.3
2020-10-04 15:18,45.42296800,-73.869977,24.2
2020-10-04 15:18,45.42295500,-73.870057,24.2
2020-10-04 15:18,45.42294200,-73.870134,24.6
2020-10-04 15:18,45.42292100,-73.870258,24.5
2020-10-04 15:18,45.42290900,-73.870308,24.3
2020-10-04 15:18,45.42289900,-73.870359,24
2020-10-04 15:18,45.42288600,-73.870463,24
2020-10-04 15:18,45.42288000,-73.870488,23.9
2020-10-04 15:19,45.42275600,-73.870961,24.7
2020-10-04 15:19,45.42275600,-73.871013,24.6
2020-10-04 15:19,45.42275000,-73.871055,25.2
2020-10-04 15:19,45.42275100,-73.871068,25.3
2020-10-04 15:19,45.42275200,-73.871081,25.2
2020-10-04 15:19,45.42272800,-73.871137,25.3
2020-10-04 15:19,45.42270700,-73.871181,25.3
2020-10-04 15:19,45.42269900,-73.871234,25.3
2020-10-04 15:19,45.42270100,-73.871262,24.8
2020-10-04 15:19,45.42270200,-73.871271,24.7
2020-10-04 15:19,45.42269300,-73.871317,24.7
2020-10-04 15:19,45.42269400,-73.871326,24.7
2020-10-04 15:19,45.42269200,-73.87134,24.5
2020-10-04 15:19,45.42268000,-73.871402,24.5
2020-10-04 15:19,45.42268100,-73.871412,24.6
2020-10-04 15:19,45.42269000,-73.871435,24.6
2020-10-04 15:19,45.42268900,-73.871447,24.7
2020-10-04 15:19,45.42267000,-73.871569,25.5
2020-10-04 15:20,45.42259500,-73.871842,26.3
2020-10-04 15:20,45.42258600,-73.871869,26.4
2020-10-04 15:20,45.42246800,-73.872219,27.3
2020-10-04 15:20,45.42245000,-73.872272,27.2
2020-10-04 15:20,45.42245100,-73.872301,27.1
2020-10-04 15:20,45.42244100,-73.872348,26.5
2020-10-04 15:20,45.42241500,-73.87238,26.4
2020-10-04 15:20,45.42240100,-73.872375,26.2
2020-10-04 15:20,45.42236300,-73.872358,26.1
2020-10-04 15:20,45.42233700,-73.872373,26.2
2020-10-04 15:20,45.42231600,-73.872378,26.3
2020-10-04 15:20,45.42230700,-73.872378,26.4
2020-10-04 15:20,45.42230700,-73.872378,26.6
2020-10-04 15:21,45.42228900,-73.872348,26.6
2020-10-04 15:21,45.42226100,-73.872366,26.5
2020-10-04 15:21,45.42221800,-73.872376,26.4
2020-10-04 15:21,45.42217100,-73.872373,26.6
2020-10-04 15:21,45.42201100,-73.872319,26.6
2020-10-04 15:21,45.42193900,-73.872283,27.4
2020-10-04 15:21,45.42189200,-73.872258,27.7
2020-10-04 15:21,45.42175600,-73.872199,26.6
2020-10-04 15:21,45.42175600,-73.872199,26.7
2020-10-04 15:21,45.42176900,-73.872188,26.5
2020-10-04 15:21,45.42175700,-73.872166,26.5
2020-10-04 15:22,45.42158100,-73.872119,27.9
2020-10-04 15:22,45.42153600,-73.872099,28.1
2020-10-04 15:22,45.42148700,-73.87208,28.7
2020-10-04 15:22,45.42145300,-73.872079,27.8
2020-10-04 15:22,45.42137400,-73.872051,27.1
2020-10-04 15:22,45.42129600,-73.872052,28.6
2020-10-04 15:22,45.42110700,-73.871987,27
2020-10-04 15:23,45.42085400,-73.871817,25.6
2020-10-04 15:23,45.42085400,-73.871817,25.4
2020-10-04 15:23,45.42085400,-73.871817,25.4
2020-10-04 15:23,45.42086000,-73.871814,25.4
2020-10-04 15:23,45.42086000,-73.871814,25.3
2020-10-04 15:23,45.42086000,-73.871814,24.7
2020-10-04 15:23,45.42088000,-73.871827,25
2020-10-04 15:23,45.42085900,-73.871838,25.3
2020-10-04 15:23,45.42083000,-73.871852,24.6
2020-10-04 15:23,45.42079800,-73.871855,24.7
2020-10-04 15:23,45.42075800,-73.871858,24.4
2020-10-04 15:23,45.42070900,-73.871823,24.4
2020-10-04 15:23,45.42069200,-73.871859,24.5
2020-10-04 15:23,45.42066900,-73.871884,24.6
2020-10-04 15:23,45.42065600,-73.871929,24.5
2020-10-04 15:23,45.42065200,-73.871969,25
2020-10-04 15:24,45.42063200,-73.872005,25
2020-10-04 15:24,45.42062100,-73.872057,25.6
2020-10-04 15:24,45.42055800,-73.87237,25.9
2020-10-04 15:24,45.42054600,-73.872451,26.1
2020-10-04 15:24,45.42053400,-73.87254,27.1
2020-10-04 15:24,45.42053600,-73.872638,27
2020-10-04 15:24,45.42054100,-73.872702,26.5
2020-10-04 15:25,45.42051500,-73.872952,27.4
2020-10-04 15:25,45.42048700,-73.872973,27.6
2020-10-04 15:25,45.42048000,-73.872974,27.8
2020-10-04 15:25,45.42048000,-73.872974,27.8
2020-10-04 15:25,45.42048000,-73.872974,28.4
2020-10-04 15:25,45.42046200,-73.872966,28.4
2020-10-04 15:25,45.42044100,-73.873026,28.2
2020-10-04 15:25,45.42042200,-73.873054,28.1
2020-10-04 15:25,45.42039000,-73.873122,26.9
2020-10-04 15:25,45.42037300,-73.873201,27
2020-10-04 15:25,45.42034600,-73.873252,26.9
2020-10-04 15:25,45.42033800,-73.873315,26.7
2020-10-04 15:25,45.42033200,-73.873355,26.9
2020-10-04 15:25,45.42033600,-73.873366,26.4
2020-10-04 15:25,45.42033700,-73.873412,26.6
2020-10-04 15:26,45.42030900,-73.873478,26.3
2020-10-04 15:26,45.42030900,-73.873478,26.3
2020-10-04 15:26,45.42030900,-73.873478,26.3
2020-10-04 15:26,45.42030900,-73.873478,26.3
2020-10-04 15:26,45.42030800,-73.873474,26.5
2020-10-04 15:26,45.42030800,-73.873474,26.5
2020-10-04 15:26,45.42030800,-73.873474,26.9
2020-10-04 15:26,45.42030800,-73.873474,26.6
2020-10-04 15:26,45.42030100,-73.873474,25.2
2020-10-04 15:26,45.42030100,-73.873484,25.4
2020-10-04 15:26,45.42029400,-73.873535,26.1
2020-10-04 15:26,45.42027300,-73.873575,26.3
2020-10-04 15:26,45.42025900,-73.873613,26.2
2020-10-04 15:26,45.42026200,-73.873655,25.5
2020-10-04 15:26,45.42024800,-73.873709,25.1
2020-10-04 15:27,45.42015400,-73.873894,24.9
2020-10-04 15:27,45.42015000,-73.873933,24.7
2020-10-04 15:27,45.41995400,-73.874165,24.2
2020-10-04 15:27,45.41992600,-73.8742,24.8
2020-10-04 15:27,45.41989700,-73.874162,24
2020-10-04 15:27,45.41989200,-73.874154,23.2
2020-10-04 15:27,45.41989200,-73.874154,23.2
2020-10-04 15:27,45.41989000,-73.87415,22.8
2020-10-04 15:27,45.41989100,-73.874148,22.1
2020-10-04 15:27,45.41989100,-73.874148,22.1
2020-10-04 15:27,45.41989100,-73.874148,21.8
2020-10-04 15:27,45.41989100,-73.874148,22
2020-10-04 15:27,45.41989100,-73.874146,22.1
2020-10-04 15:27,45.41989700,-73.874171,21.9
2020-10-04 15:27,45.41990900,-73.874208,22.1
2020-10-04 15:28,45.41990500,-73.874252,21.6
2020-10-04 15:28,45.41989000,-73.874349,21.7
2020-10-04 15:28,45.41968700,-73.874779,23
2020-10-04 15:28,45.41966300,-73.874832,23
2020-10-04 15:28,45.41964000,-73.874872,22.6
2020-10-04 15:28,45.41959900,-73.874956,22.6
2020-10-04 15:28,45.41957300,-73.874981,23.8
2020-10-04 15:28,45.41956500,-73.874986,23.9
2020-10-04 15:28,45.41956500,-73.874986,23.9
2020-10-04 15:28,45.41956300,-73.874982,23.9
2020-10-04 15:28,45.41956300,-73.874982,23.9
2020-10-04 15:29,45.41956300,-73.874982,24.1
2020-10-04 15:29,45.41956300,-73.874958,24.7
2020-10-04 15:29,45.41956300,-73.874958,24.7
2020-10-04 15:29,45.41956300,-73.874958,24.6
2020-10-04 15:29,45.41956300,-73.874958,24.8
2020-10-04 15:29,45.41956000,-73.874914,24.6
2020-10-04 15:29,45.41955900,-73.874922,24.6
2020-10-04 15:29,45.41957200,-73.874972,24.5
2020-10-04 15:29,45.41957500,-73.875024,25
2020-10-04 15:29,45.41956400,-73.875064,24.6
2020-10-04 15:29,45.41951000,-73.875219,24.8
2020-10-04 15:29,45.41949900,-73.875267,26.5
2020-10-04 15:30,45.41944400,-73.875393,25.3
2020-10-04 15:30,45.41941800,-73.87544,24.9
2020-10-04 15:30,45.41925800,-73.875792,24.6
2020-10-04 15:30,45.41919500,-73.875879,24.8
2020-10-04 15:30,45.41915500,-73.875981,24.1
2020-10-04 15:30,45.41908000,-73.876046,24.1
2020-10-04 15:31,45.41895700,-73.876192,23.8
2020-10-04 15:31,45.41856300,-73.876544,23.7
2020-10-04 15:31,45.41853800,-73.876561,23.6
2020-10-04 15:32,45.41837600,-73.876799,23.2
2020-10-04 15:32,45.41835300,-73.876827,23.3
2020-10-04 15:32,45.41820100,-73.877058,23.2
2020-10-04 15:32,45.41809600,-73.877228,22.3
2020-10-04 15:32,45.41795700,-73.87742,22.4
2020-10-04 15:32,45.41791300,-73.877453,22
2020-10-04 15:33,45.41766800,-73.877836,22.9
2020-10-04 15:33,45.41758900,-73.87783,23.6
2020-10-04 15:33,45.41758900,-73.877853,23.9
2020-10-04 15:33,45.41758900,-73.877858,24
2020-10-04 15:33,45.41758700,-73.877866,23.8
2020-10-04 15:33,45.41758300,-73.877885,23.7
2020-10-04 15:33,45.41758300,-73.877885,23.7
2020-10-04 15:33,45.41758300,-73.877885,23.4
2020-10-04 15:34,45.41758300,-73.877885,22.8
2020-10-04 15:34,45.41757000,-73.877878,22.7
2020-10-04 15:34,45.41756300,-73.877884,22.6
2020-10-04 15:34,45.41753500,-73.877908,22.1
2020-10-04 15:34,45.41753400,-73.877912,21.1
2020-10-04 15:34,45.41753400,-73.877912,21.3
2020-10-04 15:34,45.41753400,-73.877912,21.3
2020-10-04 15:34,45.41752400,-73.877916,21.2
2020-10-04 15:34,45.41751600,-73.877922,21.2
2020-10-04 15:35,45.41746700,-73.877959,22.3
2020-10-04 15:35,45.41744500,-73.877973,21.9
2020-10-04 15:35,45.41742200,-73.877974,21.7
2020-10-04 15:35,45.41732400,-73.878013,21.5
2020-10-04 15:35,45.41727500,-73.877973,20.9
2020-10-04 15:35,45.41730700,-73.877956,20.9
2020-10-04 15:35,45.41731500,-73.877917,20.7
2020-10-04 15:35,45.41731800,-73.877874,18.5
2020-10-04 15:35,45.41731200,-73.877856,18
2020-10-04 15:35,45.41731200,-73.877856,18
2020-10-04 15:35,45.41731100,-73.877844,18.5
2020-10-04 15:35,45.41730000,-73.877794,19.7
2020-10-04 15:35,45.41729400,-73.877779,19.5
2020-10-04 15:35,45.41729400,-73.877779,19.2
2020-10-04 15:35,45.41729500,-73.877773,19
2020-10-04 15:35,45.41729200,-73.877776,18
2020-10-04 15:35,45.41729200,-73.877776,18.2
2020-10-04 15:35,45.41729000,-73.877771,18.3
2020-10-04 15:35,45.41728500,-73.87776,18.5
2020-10-04 15:35,45.41728500,-73.877744,19.1
2020-10-04 15:35,45.41728400,-73.877734,20.4
2020-10-04 15:35,45.41728000,-73.877725,20.5
2020-10-04 15:36,45.41725100,-73.877704,20.8
2020-10-04 15:36,45.41724800,-73.877704,20.6
2020-10-04 15:36,45.41724100,-73.877692,20.6
2020-10-04 15:36,45.41722800,-73.877674,19.9
2020-10-04 15:36,45.41719500,-73.877627,19.7
2020-10-04 15:36,45.41719200,-73.877624,19.6
2020-10-04 15:36,45.41719200,-73.877624,19.6
2020-10-04 15:36,45.41719200,-73.877624,20.2
2020-10-04 15:36,45.41719200,-73.877624,19.7
2020-10-04 15:36,45.41716200,-73.877611,19.7
2020-10-04 15:36,45.41715900,-73.877612,20.2
2020-10-04 15:36,45.41715900,-73.877612,20.3
2020-10-04 15:36,45.41715900,-73.877612,19.8
2020-10-04 15:36,45.41715500,-73.87762,20.3
2020-10-04 15:36,45.41715500,-73.87762,20.3
2020-10-04 15:36,45.41715500,-73.87762,20.5
2020-10-04 15:37,45.41715500,-73.87762,21
2020-10-04 15:37,45.41715000,-73.877627,20.9
2020-10-04 15:37,45.41714900,-73.877631,20.6
2020-10-04 15:37,45.41714900,-73.877631,19.7
2020-10-04 15:37,45.41715600,-73.877638,19.9
2020-10-04 15:37,45.41715600,-73.877638,19.7
2020-10-04 15:38,45.41715600,-73.877638,20
2020-10-04 15:38,45.41716200,-73.877635,19.6
2020-10-04 15:38,45.41716600,-73.877636,19.8
2020-10-04 15:38,45.41718300,-73.877667,21
2020-10-04 15:38,45.41721500,-73.877688,21.8
2020-10-04 15:38,45.41723400,-73.877718,24.2
2020-10-04 15:38,45.41724200,-73.877759,23.9
2020-10-04 15:38,45.41723300,-73.877775,23.5
2020-10-04 15:38,45.41723300,-73.877775,23.8
2020-10-04 15:38,45.41721700,-73.877783,24
2020-10-04 15:38,45.41721700,-73.877783,24.1
2020-10-04 15:38,45.41721700,-73.877783,24.4
2020-10-04 15:38,45.41722200,-73.8778,23.9
2020-10-04 15:38,45.41722200,-73.8778,23.5
2020-10-04 15:38,45.41722200,-73.8778,23.5
2020-10-04 15:38,45.41723100,-73.87781,23.5
2020-10-04 15:38,45.41725700,-73.877841,24.7
2020-10-04 15:39,45.41730400,-73.877902,24
2020-10-04 15:39,45.41730600,-73.877947,23.6
2020-10-04 15:39,45.41731300,-73.877979,23.7
2020-10-04 15:39,45.41732200,-73.877982,23.5
2020-10-04 15:39,45.41733900,-73.878006,23.8
2020-10-04 15:39,45.41734400,-73.878,23.9
2020-10-04 15:39,45.41737100,-73.877999,24.1
2020-10-04 15:39,45.41739400,-73.878019,23.8
2020-10-04 15:39,45.41740800,-73.878035,23.5
2020-10-04 15:39,45.41746800,-73.878098,24
2020-10-04 15:39,45.41747900,-73.878096,24.6
2020-10-04 15:39,45.41750800,-73.87807,24.2
2020-10-04 15:39,45.41750800,-73.87807,24.2
2020-10-04 15:39,45.41750800,-73.87807,24.2
2020-10-04 15:39,45.41753000,-73.878034,23.6
2020-10-04 15:39,45.41754500,-73.878035,23.2
2020-10-04 15:39,45.41755800,-73.877988,22.4
2020-10-04 15:39,45.41752200,-73.877962,21.9
2020-10-04 15:39,45.41752200,-73.877962,21.6
2020-10-04 15:39,45.41752200,-73.877962,21.6
2020-10-04 15:39,45.41751000,-73.877966,21.7
2020-10-04 15:39,45.41751000,-73.877966,21.7
2020-10-04 15:39,45.41751000,-73.877966,21.9
2020-10-04 15:40,45.41751000,-73.877966,21.8
2020-10-04 15:40,45.41749700,-73.87797,21.6
2020-10-04 15:40,45.41749400,-73.87797,21.4
2020-10-04 15:40,45.41749400,-73.87797,21.4
2020-10-04 15:40,45.41749400,-73.87797,21.5
2020-10-04 15:40,45.41750600,-73.877968,21.6
2020-10-04 15:40,45.41754400,-73.877976,20.9
2020-10-04 15:40,45.41756100,-73.878012,20.8
2020-10-04 15:40,45.41754800,-73.878061,23.3
2020-10-04 15:40,45.41753500,-73.878088,23.5
2020-10-04 15:40,45.41750400,-73.878133,23.2
2020-10-04 15:40,45.41732200,-73.878417,22.7
2020-10-04 15:40,45.41731600,-73.878467,22.3
2020-10-04 15:41,45.41730600,-73.878598,21.9
2020-10-04 15:41,45.41725400,-73.878917,21.8
2020-10-04 15:41,45.41723200,-73.878957,21.4
2020-10-04 15:41,45.41721300,-73.878979,21.5
2020-10-04 15:41,45.41719300,-73.879,21.4
2020-10-04 15:41,45.41716700,-73.879024,21.4
2020-10-04 15:41,45.41712600,-73.879085,21.2
2020-10-04 15:41,45.41710000,-73.879116,21
2020-10-04 15:41,45.41706700,-73.879146,21.2
2020-10-04 15:41,45.41706000,-73.879156,21.6
2020-10-04 15:41,45.41706400,-73.879158,21.9
2020-10-04 15:41,45.41707000,-73.879167,22.1
2020-10-04 15:41,45.41707400,-73.879186,22.1
2020-10-04 15:41,45.41706600,-73.879188,22.1
2020-10-04 15:41,45.41703400,-73.879177,21.6
2020-10-04 15:41,45.41702800,-73.879176,21.4
2020-10-04 15:42,45.41697100,-73.879157,21.4
2020-10-04 15:42,45.41696100,-73.879154,21
2020-10-04 15:42,45.41693400,-73.879131,20.4
2020-10-04 15:42,45.41682200,-73.879084,20
2020-10-04 15:42,45.41668900,-73.878993,20
2020-10-04 15:42,45.41668800,-73.878986,20.1
2020-10-04 15:42,45.41662100,-73.87893,19.3
2020-10-04 15:42,45.41659700,-73.878926,19.8
2020-10-04 15:42,45.41657200,-73.878898,20
2020-10-04 15:43,45.41648600,-73.878736,20.6
2020-10-04 15:43,45.41648500,-73.878729,20.7
2020-10-04 15:43,45.41648500,-73.878729,20.8
2020-10-04 15:43,45.41648500,-73.878729,20.8
2020-10-04 15:43,45.41648900,-73.878725,20.8
2020-10-04 15:43,45.41648500,-73.878714,20.7
2020-10-04 15:43,45.41647900,-73.878704,20.8
2020-10-04 15:43,45.41647200,-73.878697,20.7
2020-10-04 15:43,45.41647300,-73.878718,22
2020-10-04 15:43,45.41647300,-73.878718,22
2020-10-04 15:43,45.41647800,-73.878719,22.3
2020-10-04 15:43,45.41647800,-73.878719,22.3
2020-10-04 15:43,45.41648000,-73.878725,22.6
2020-10-04 15:43,45.41648000,-73.878725,22.9
2020-10-04 15:43,45.41648000,-73.878725,22.9
2020-10-04 15:43,45.41648000,-73.878734,23.1
2020-10-04 15:43,45.41648000,-73.878734,23.1
2020-10-04 15:43,45.41648000,-73.878734,22.8
2020-10-04 15:43,45.41648000,-73.878734,22.9
2020-10-04 15:43,45.41648500,-73.878735,22.8
2020-10-04 15:43,45.41648500,-73.878735,22.8
2020-10-04 15:43,45.41648500,-73.878735,22.8
2020-10-04 15:44,45.41648500,-73.878735,22.8
2020-10-04 15:44,45.41649500,-73.87873,22.8
2020-10-04 15:44,45.41652000,-73.878742,22.6
2020-10-04 15:44,45.41652000,-73.878742,22.6
2020-10-04 15:44,45.41653200,-73.878742,23.2
2020-10-04 15:44,45.41654300,-73.878743,23.3
2020-10-04 15:44,45.41654300,-73.878743,23.4
2020-10-04 15:44,45.41655100,-73.878736,23.2
2020-10-04 15:44,45.41652700,-73.878709,23.1
2020-10-04 15:44,45.41649200,-73.878652,23.4
2020-10-04 15:44,45.41649200,-73.878652,23.7
2020-10-04 15:44,45.41649200,-73.878652,23.9
2020-10-04 15:44,45.41650300,-73.878651,23.4
2020-10-04 15:44,45.41650900,-73.878654,23.2
2020-10-04 15:44,45.41653500,-73.87864,23.7
2020-10-04 15:45,45.41653000,-73.87863,23.2
2020-10-04 15:45,45.41653000,-73.87863,23.5
2020-10-04 15:45,45.41652800,-73.878634,23.6
2020-10-04 15:45,45.41652700,-73.878638,23.7
2020-10-04 15:45,45.41652700,-73.878638,23.7
2020-10-04 15:45,45.41651600,-73.87864,23.3
2020-10-04 15:45,45.41651600,-73.87864,23
2020-10-04 15:49,45.41651600,-73.87864,22.8
2020-10-04 15:49,45.41650400,-73.878647,23.2
2020-10-04 15:49,45.41651300,-73.878696,22.8
2020-10-04 15:49,45.41652200,-73.878723,22.8
2020-10-04 15:49,45.41652600,-73.878731,23.2
2020-10-04 15:49,45.41657000,-73.878852,23
2020-10-04 15:49,45.41660000,-73.878853,23.6
2020-10-04 15:49,45.41663000,-73.878849,22.9
2020-10-04 15:49,45.41664200,-73.878935,24
2020-10-04 15:49,45.41664700,-73.878961,23.5
2020-10-04 15:49,45.41664600,-73.878973,23.6
2020-10-04 15:49,45.41664600,-73.878973,23.6
2020-10-04 15:49,45.41663700,-73.878981,23.6
2020-10-04 15:49,45.41664200,-73.878976,23.8
2020-10-04 15:50,45.41664200,-73.878976,23.7
2020-10-04 15:50,45.41662000,-73.879008,23.6
2020-10-04 15:50,45.41666500,-73.879031,23.5
2020-10-04 15:50,45.41669300,-73.879047,23.2
2020-10-04 15:50,45.41672500,-73.879056,23.2
2020-10-04 15:50,45.41675800,-73.879066,23.1
2020-10-04 15:50,45.41683200,-73.879073,23.5
2020-10-04 15:50,45.41692100,-73.879086,23.9
2020-10-04 15:50,45.41702400,-73.879111,25.7
2020-10-04 15:50,45.41702600,-73.879115,25.7
2020-10-04 15:50,45.41703000,-73.879122,25.8
2020-10-04 15:50,45.41703200,-73.879128,25.7
2020-10-04 15:50,45.41703200,-73.879128,26
2020-10-04 15:50,45.41703200,-73.879128,26.2
2020-10-04 15:50,45.41703700,-73.879148,26.2
2020-10-04 15:50,45.41703700,-73.879148,26
2020-10-04 15:51,45.41703700,-73.879148,26.2
2020-10-04 15:51,45.41703300,-73.879197,26.2
2020-10-04 15:51,45.41704900,-73.879229,26.2
2020-10-04 15:51,45.41708300,-73.879284,25.8
2020-10-04 15:51,45.41704700,-73.879483,24.4
2020-10-04 15:51,45.41694900,-73.879713,24.4
2020-10-04 15:51,45.41691600,-73.879742,24.3
2020-10-04 15:51,45.41690200,-73.879772,24.2
2020-10-04 15:51,45.41691000,-73.879822,24.1
2020-10-04 15:51,45.41687500,-73.879943,23.6
2020-10-04 15:51,45.41686800,-73.879966,23.6
2020-10-04 15:52,45.41684700,-73.880045,23
2020-10-04 15:52,45.41686700,-73.880124,23.1
2020-10-04 15:52,45.41686900,-73.880172,23.1
2020-10-04 15:52,45.41687600,-73.880246,23
2020-10-04 15:52,45.41689200,-73.880304,23
2020-10-04 15:52,45.41689600,-73.880391,23
2020-10-04 15:52,45.41688500,-73.88043,22.8
2020-10-04 15:52,45.41686000,-73.880531,22.1
2020-10-04 15:52,45.41685700,-73.880591,21.9
2020-10-04 15:52,45.41684300,-73.880634,22
2020-10-04 15:52,45.41682700,-73.880669,22.2
2020-10-04 15:52,45.41679100,-73.880719,23
2020-10-04 15:52,45.41676400,-73.880756,23.5
2020-10-04 15:52,45.41676400,-73.880756,23.5
2020-10-04 15:52,45.41676300,-73.880761,23.4
2020-10-04 15:52,45.41676300,-73.880761,23.5
2020-10-04 15:53,45.41676300,-73.880761,24
2020-10-04 15:53,45.41678800,-73.880748,24
2020-10-04 15:53,45.41677200,-73.880744,23.9
2020-10-04 15:53,45.41675700,-73.88074,23.9
2020-10-04 15:53,45.41670300,-73.880739,23.7
2020-10-04 15:53,45.41667500,-73.880737,24
2020-10-04 15:53,45.41665100,-73.880716,24.4
2020-10-04 15:53,45.41661800,-73.880694,24.8
2020-10-04 15:53,45.41658700,-73.880681,25.2
2020-10-04 15:53,45.41654700,-73.880674,24.8
2020-10-04 15:53,45.41652700,-73.880672,24.5
2020-10-04 15:53,45.41647800,-73.880651,24.4
2020-10-04 15:53,45.41642000,-73.880651,24.7
2020-10-04 15:53,45.41636100,-73.88063,24.7
2020-10-04 15:53,45.41629700,-73.880599,24.7
2020-10-04 15:53,45.41624300,-73.880498,25.8
2020-10-04 15:54,45.41624500,-73.880487,26.6
2020-10-04 15:54,45.41624500,-73.880487,26.5
2020-10-04 15:54,45.41625100,-73.880486,27.2
2020-10-04 15:54,45.41625100,-73.880486,27.2
2020-10-04 15:54,45.41624900,-73.880485,27.2
2020-10-04 15:54,45.41624900,-73.880485,27.2
2020-10-04 15:54,45.41624900,-73.880485,27.3
2020-10-04 15:54,45.41624400,-73.880487,27.6
2020-10-04 15:54,45.41622200,-73.880497,27.3
2020-10-04 15:54,45.41621400,-73.880502,27.6
2020-10-04 15:54,45.41620100,-73.880522,26.9
2020-10-04 15:54,45.41616500,-73.880538,25.1
2020-10-04 15:54,45.41611800,-73.880443,24.7
2020-10-04 15:54,45.41610100,-73.880326,24.3
2020-10-04 15:54,45.41609900,-73.880311,24.5
2020-10-04 15:54,45.41606900,-73.880262,25
2020-10-04 15:54,45.41604900,-73.88024,24.8
2020-10-04 15:54,45.41600900,-73.88019,24.9
2020-10-04 15:54,45.41601500,-73.880181,24.6
2020-10-04 15:54,45.41603200,-73.880159,24
2020-10-04 15:55,45.41602800,-73.880155,24.1
2020-10-04 15:55,45.41599500,-73.880169,24.1
2020-10-04 15:55,45.41597300,-73.880141,24.2
2020-10-04 15:55,45.41593700,-73.88006,24.2
2020-10-04 15:55,45.41583200,-73.879966,23.9
2020-10-04 15:55,45.41576800,-73.879936,23.5
2020-10-04 15:55,45.41569400,-73.879888,23.7
2020-10-04 15:55,45.41557700,-73.879841,23.2
2020-10-04 15:55,45.41551800,-73.879806,23.3
2020-10-04 15:55,45.41551800,-73.879806,23.3
2020-10-04 15:55,45.41551300,-73.879808,23.4
2020-10-04 15:55,45.41549500,-73.879785,23.1
2020-10-04 15:55,45.41545200,-73.879709,23.3
2020-10-04 15:56,45.41535000,-73.879484,23
2020-10-04 15:56,45.41532700,-73.879433,22.8
2020-10-04 15:56,45.41530300,-73.879365,22.7
2020-10-04 15:56,45.41524400,-73.8793,22.6
2020-10-04 15:56,45.41514400,-73.879198,22.4
2020-10-04 15:56,45.41509900,-73.879246,22.4
2020-10-04 15:56,45.41504000,-73.879315,22.3
2020-10-04 15:56,45.41503300,-73.879324,22.4
2020-10-04 15:56,45.41503300,-73.879323,22.5
2020-10-04 15:57,45.41503300,-73.879323,22.8
2020-10-04 15:57,45.41504800,-73.879343,22.3
2020-10-04 15:57,45.41504300,-73.879383,21.9
2020-10-04 15:57,45.41504000,-73.879385,22.1
2020-10-04 15:57,45.41503900,-73.879369,22.2
2020-10-04 15:57,45.41510000,-73.879288,22
2020-10-04 15:57,45.41512300,-73.879258,21.8
2020-10-04 15:57,45.41515300,-73.879269,21.9
2020-10-04 15:57,45.41521600,-73.87928,22.9
2020-10-04 15:57,45.41520300,-73.879262,22.8
2020-10-04 15:57,45.41517400,-73.879239,22.3
2020-10-04 15:57,45.41515800,-73.879225,22.6
2020-10-04 15:57,45.41514700,-73.879218,22.5
2020-10-04 15:57,45.41514400,-73.879214,22.5
2020-10-04 15:57,45.41514200,-73.879215,22.6
2020-10-04 15:57,45.41514000,-73.879219,22.7
2020-10-04 15:57,45.41514000,-73.879231,22.7
2020-10-04 15:57,45.41514000,-73.879231,22.7
2020-10-04 15:57,45.41514000,-73.879236,22.4
2020-10-04 15:57,45.41514100,-73.879235,22.2
2020-10-04 15:57,45.41514800,-73.879237,22.4
2020-10-04 15:58,45.41519500,-73.879269,22.2
2020-10-04 15:58,45.41521700,-73.87931,22.1
2020-10-04 15:58,45.41525400,-73.879323,22.3
2020-10-04 15:58,45.41530700,-73.879423,21.8
2020-10-04 15:58,45.41533200,-73.879475,21.3
2020-10-04 15:58,45.41553000,-73.879752,21.7
2020-10-04 15:58,45.41570000,-73.879859,20.9
2020-10-04 15:58,45.41573600,-73.879856,20.6
2020-10-04 15:59,45.41591200,-73.880069,19.7
2020-10-04 15:59,45.41592000,-73.880107,19.7
2020-10-04 15:59,45.41594300,-73.880149,20.2
2020-10-04 15:59,45.41596600,-73.880199,20.6
2020-10-04 15:59,45.41600600,-73.880293,20.6
2020-10-04 15:59,45.41606900,-73.880375,19.9
2020-10-04 15:59,45.41609900,-73.880387,20.9
2020-10-04 15:59,45.41613100,-73.880434,20.5
2020-10-04 15:59,45.41616500,-73.880438,21.7
2020-10-04 15:59,45.41624700,-73.880502,21.6
2020-10-04 16:00,45.41629500,-73.880544,22.6
2020-10-04 16:00,45.41630200,-73.880557,22.8
2020-10-04 16:00,45.41633100,-73.880587,22.8
2020-10-04 16:00,45.41654900,-73.880728,22.3
2020-10-04 16:00,45.41656400,-73.880738,22.6
2020-10-04 16:00,45.41668100,-73.88086,23.4
2020-10-04 16:00,45.41667700,-73.880915,23.7
2020-10-04 16:00,45.41667000,-73.880975,24
2020-10-04 16:00,45.41668100,-73.88101,24
2020-10-04 16:00,45.41669400,-73.881072,24.8
2020-10-04 16:01,45.41667200,-73.881165,24.1
2020-10-04 16:01,45.41655000,-73.88154,23
2020-10-04 16:01,45.41651200,-73.88162,23.5
2020-10-04 16:01,45.41648000,-73.881712,23.5
2020-10-04 16:01,45.41647200,-73.881783,24
2020-10-04 16:01,45.41646800,-73.881811,24.3
2020-10-04 16:01,45.41646600,-73.881828,24.2
2020-10-04 16:01,45.41644900,-73.881923,23.7
2020-10-04 16:01,45.41642700,-73.882001,23.7
2020-10-04 16:01,45.41642300,-73.882023,23.8
2020-10-04 16:02,45.41631100,-73.882603,22.8
2020-10-04 16:02,45.41631400,-73.882636,22
2020-10-04 16:02,45.41621800,-73.882919,20.2
2020-10-04 16:02,45.41618100,-73.883109,21.3
2020-10-04 16:03,45.41613200,-73.883255,22.3
2020-10-04 16:03,45.41609700,-73.883381,22.8
2020-10-04 16:03,45.41608700,-73.883488,21.4
2020-10-04 16:03,45.41603800,-73.883749,21.2
2020-10-04 16:03,45.41604300,-73.883795,21
2020-10-04 16:03,45.41604700,-73.883842,20.7
2020-10-04 16:03,45.41602400,-73.884163,19.6
2020-10-04 16:04,45.41597300,-73.884174,20.7
2020-10-04 16:04,45.41595800,-73.884173,20.9
2020-10-04 16:04,45.41595800,-73.884173,20.7
2020-10-04 16:04,45.41595800,-73.884173,20.7
2020-10-04 16:04,45.41595200,-73.884169,20.7
2020-10-04 16:04,45.41595200,-73.884169,20.8
2020-10-04 16:04,45.41595200,-73.884169,20.9
2020-10-04 16:04,45.41594000,-73.884154,20.8
2020-10-04 16:04,45.41590000,-73.884178,20.9
2020-10-04 16:04,45.41588900,-73.884188,21
2020-10-04 16:04,45.41585500,-73.884197,21.4
2020-10-04 16:04,45.41580700,-73.884196,21.2
2020-10-04 16:04,45.41568000,-73.884177,22
2020-10-04 16:04,45.41558700,-73.884191,22
2020-10-04 16:04,45.41551600,-73.884159,21.6
2020-10-04 16:04,45.41548800,-73.884173,21.3
2020-10-04 16:04,45.41549100,-73.884176,20.8
2020-10-04 16:05,45.41550900,-73.884198,21.4
2020-10-04 16:05,45.41550900,-73.884198,21.5
2020-10-04 16:05,45.41550900,-73.884198,21.7
2020-10-04 16:05,45.41552000,-73.88418,21.6
2020-10-04 16:05,45.41552500,-73.88418,21
2020-10-04 16:05,45.41552800,-73.884183,21
2020-10-04 16:05,45.41555400,-73.884163,21.2
2020-10-04 16:05,45.41555900,-73.88415,21.5
2020-10-04 16:05,45.41560100,-73.884123,21
2020-10-04 16:05,45.41562700,-73.884126,21.5
2020-10-04 16:05,45.41562700,-73.884126,21.7
2020-10-04 16:05,45.41562700,-73.884126,21.7
2020-10-04 16:05,45.41564300,-73.884136,21.7
2020-10-04 16:05,45.41564300,-73.884136,21.7
2020-10-04 16:05,45.41564300,-73.884136,21.9
2020-10-04 16:05,45.41566600,-73.884147,22
2020-10-04 16:05,45.41566200,-73.884162,22
2020-10-04 16:05,45.41565700,-73.884167,22.4
2020-10-04 16:05,45.41565600,-73.884174,22.7
2020-10-04 16:05,45.41566400,-73.884184,22.7
2020-10-04 16:05,45.41566400,-73.884184,22.7
2020-10-04 16:05,45.41566700,-73.884182,22.8
2020-10-04 16:05,45.41567000,-73.884182,23.3
2020-10-04 16:05,45.41567400,-73.884188,23.4
2020-10-04 16:05,45.41570600,-73.884192,23.4
2020-10-04 16:05,45.41573500,-73.884211,24.5
2020-10-04 16:06,45.41576300,-73.884249,23.6
2020-10-04 16:06,45.41580200,-73.88424,23.9
2020-10-04 16:06,45.41582900,-73.884243,23.1
2020-10-04 16:06,45.41586500,-73.884245,23
2020-10-04 16:06,45.41589700,-73.884249,22.6
2020-10-04 16:06,45.41591500,-73.884246,22.6
2020-10-04 16:06,45.41592100,-73.884245,22.8
2020-10-04 16:06,45.41592100,-73.884245,22.3
2020-10-04 16:06,45.41592100,-73.884245,22.4
2020-10-04 16:06,45.41594900,-73.884267,22.4
2020-10-04 16:06,45.41595700,-73.884301,21.4
2020-10-04 16:06,45.41594300,-73.884349,21
2020-10-04 16:06,45.41591100,-73.884403,21.2
2020-10-04 16:07,45.41567900,-73.884902,20.6
2020-10-04 16:07,45.41563800,-73.884946,21.3
2020-10-04 16:07,45.41560200,-73.885079,21.3
2020-10-04 16:07,45.41556700,-73.885199,21.9
2020-10-04 16:07,45.41547700,-73.885498,20.8
2020-10-04 16:07,45.41543900,-73.885554,21.2
2020-10-04 16:07,45.41542900,-73.885647,21.3
2020-10-04 16:08,45.41543500,-73.885702,21.7
2020-10-04 16:08,45.41542300,-73.885777,21.5
2020-10-04 16:08,45.41540800,-73.885828,21.2
2020-10-04 16:08,45.41539700,-73.885973,21.4
2020-10-04 16:08,45.41538700,-73.886089,22.4
2020-10-04 16:08,45.41540800,-73.886127,22.2
2020-10-04 16:08,45.41541900,-73.886131,22.4
2020-10-04 16:08,45.41542900,-73.886167,22.5
2020-10-04 16:08,45.41542600,-73.886207,22.3
2020-10-04 16:08,45.41540000,-73.886384,22.5
2020-10-04 16:08,45.41539300,-73.886437,22.5
2020-10-04 16:08,45.41535100,-73.886529,22.2
2020-10-04 16:08,45.41535100,-73.886529,22.5
2020-10-04 16:09,45.41535100,-73.886529,22.8
2020-10-04 16:09,45.41531800,-73.886556,22.8
2020-10-04 16:09,45.41532200,-73.886634,22.7
2020-10-04 16:09,45.41532200,-73.886634,22.7
2020-10-04 16:09,45.41532000,-73.886626,22.9
2020-10-04 16:09,45.41531900,-73.886608,22.9
2020-10-04 16:09,45.41530900,-73.886545,22.9
2020-10-04 16:09,45.41530900,-73.886545,22.9
2020-10-04 16:09,45.41530900,-73.886545,22.9
2020-10-04 16:09,45.41529700,-73.886575,22.8
2020-10-04 16:09,45.41530600,-73.886683,23.1
2020-10-04 16:09,45.41530900,-73.886802,23.2
2020-10-04 16:10,45.41532600,-73.886961,23
2020-10-04 16:10,45.41533600,-73.887011,23.1
2020-10-04 16:10,45.41533100,-73.887088,22.7
2020-10-04 16:10,45.41533000,-73.88713,22.7
2020-10-04 16:10,45.41532500,-73.887192,23
2020-10-04 16:10,45.41531300,-73.887252,22.8
2020-10-04 16:10,45.41529400,-73.887282,22.7
2020-10-04 16:10,45.41525800,-73.887322,22.4
2020-10-04 16:10,45.41525900,-73.887328,22.2
2020-10-04 16:10,45.41525700,-73.887335,22.3
2020-10-04 16:10,45.41525500,-73.887338,22.6
2020-10-04 16:10,45.41525600,-73.887339,22.2
2020-10-04 16:11,45.41525600,-73.887339,22.5
2020-10-04 16:11,45.41527300,-73.887362,22.3
2020-10-04 16:11,45.41529300,-73.887387,22.4
2020-10-04 16:11,45.41532000,-73.887403,22.6
2020-10-04 16:11,45.41533900,-73.887456,22.2
2020-10-04 16:11,45.41532300,-73.8875,22
2020-10-04 16:11,45.41531900,-73.88755,23
2020-10-04 16:11,45.41533800,-73.887562,23.6
2020-10-04 16:11,45.41534200,-73.887586,24.1
2020-10-04 16:11,45.41534400,-73.887596,23.9
2020-10-04 16:11,45.41534400,-73.887596,23.8
2020-10-04 16:11,45.41535700,-73.887606,23.7
2020-10-04 16:11,45.41535700,-73.88766,23.1
2020-10-04 16:11,45.41535700,-73.887688,23
2020-10-04 16:11,45.41536000,-73.887785,22.9
2020-10-04 16:11,45.41538300,-73.887835,22.8
2020-10-04 16:11,45.41538600,-73.888005,22.2
2020-10-04 16:11,45.41539200,-73.888049,21.7
2020-10-04 16:12,45.41539100,-73.888057,22
2020-10-04 16:12,45.41544300,-73.888173,22.1
2020-10-04 16:12,45.41546300,-73.888218,22.3
2020-10-04 16:12,45.41546500,-73.888252,22.1
2020-10-04 16:12,45.41546300,-73.888261,22
2020-10-04 16:12,45.41546200,-73.88827,22.2
2020-10-04 16:12,45.41546600,-73.888377,22.1
2020-10-04 16:12,45.41546900,-73.888424,22.5
2020-10-04 16:12,45.41547300,-73.888457,22.4
2020-10-04 16:12,45.41547200,-73.888541,22.7
2020-10-04 16:12,45.41547200,-73.888566,22.8
2020-10-04 16:12,45.41547000,-73.888589,22.6
2020-10-04 16:12,45.41547700,-73.888606,22.8
2020-10-04 16:12,45.41549100,-73.888645,22.9
2020-10-04 16:12,45.41546700,-73.888707,23
2020-10-04 16:12,45.41544000,-73.888739,22.9
2020-10-04 16:12,45.41543400,-73.888784,22.6
2020-10-04 16:12,45.41544300,-73.888822,22
2020-10-04 16:12,45.41544700,-73.88892,21.7
2020-10-04 16:12,45.41542700,-73.889043,22.1
2020-10-04 16:13,45.41542200,-73.889138,21.7
2020-10-04 16:13,45.41542800,-73.889305,22.1
2020-10-04 16:13,45.41539100,-73.889349,22.3
2020-10-04 16:13,45.41538600,-73.889433,22.5
2020-10-04 16:13,45.41539900,-73.889482,22.2
2020-10-04 16:13,45.41539300,-73.889539,21.9
2020-10-04 16:13,45.41537100,-73.889596,22
2020-10-04 16:13,45.41535300,-73.889611,21.9
2020-10-04 16:13,45.41535500,-73.889601,22.4
2020-10-04 16:13,45.41535500,-73.889601,22.4
2020-10-04 16:13,45.41535500,-73.889601,21.8
2020-10-04 16:13,45.41535900,-73.889616,21.7
2020-10-04 16:13,45.41533400,-73.889625,21.7
2020-10-04 16:13,45.41528300,-73.889645,21.7
2020-10-04 16:13,45.41527400,-73.889659,21.8
2020-10-04 16:14,45.41524800,-73.889691,22
2020-10-04 16:14,45.41521200,-73.889683,21.8
2020-10-04 16:14,45.41518600,-73.889663,21.6
2020-10-04 16:14,45.41513300,-73.889644,20.8
2020-10-04 16:14,45.41507500,-73.889612,21.1
2020-10-04 16:14,45.41507500,-73.889612,21.3
2020-10-04 16:14,45.41507500,-73.889612,20.7
2020-10-04 16:14,45.41508300,-73.88964,20.8
2020-10-04 16:14,45.41505300,-73.889648,20.7
2020-10-04 16:15,45.41503200,-73.889635,21.1
2020-10-04 16:15,45.41499600,-73.889632,20.6
2020-10-04 16:15,45.41496500,-73.889615,21.1
2020-10-04 16:15,45.41493700,-73.889609,21
2020-10-04 16:15,45.41493400,-73.889608,21.1
2020-10-04 16:15,45.41492700,-73.889606,21.2
2020-10-04 16:15,45.41491000,-73.889617,20.7
2020-10-04 16:15,45.41491000,-73.889617,19
2020-10-04 16:15,45.41491600,-73.889657,19.3
2020-10-04 16:15,45.41491600,-73.889657,19.6
2020-10-04 16:15,45.41492100,-73.889654,20.6
2020-10-04 16:15,45.41492100,-73.889654,20.7
2020-10-04 16:15,45.41492100,-73.889654,20.6
2020-10-04 16:15,45.41492000,-73.88962,20.6
2020-10-04 16:15,45.41491900,-73.889619,20.1
2020-10-04 16:15,45.41491900,-73.889619,20
2020-10-04 16:15,45.41491900,-73.889619,20
2020-10-04 16:15,45.41491100,-73.889617,19.6
2020-10-04 16:15,45.41491100,-73.889617,19.4
2020-10-04 16:16,45.41491100,-73.889617,18.7
2020-10-04 16:16,45.41489900,-73.889626,18
2020-10-04 16:16,45.41489900,-73.889626,18
2020-10-04 16:16,45.41489900,-73.889626,18
2020-10-04 16:16,45.41489400,-73.889632,18.6
2020-10-04 16:16,45.41489400,-73.889632,18.8
2020-10-04 16:16,45.41489400,-73.889632,20
2020-10-04 16:16,45.41489700,-73.889621,19.6
2020-10-04 16:16,45.41490200,-73.889614,20.2
2020-10-04 16:16,45.41490200,-73.889614,20.2
2020-10-04 16:16,45.41490900,-73.889603,20
2020-10-04 16:16,45.41490900,-73.889601,20.1
2020-10-04 16:16,45.41490900,-73.889601,20.1
2020-10-04 16:16,45.41491300,-73.889602,20.5
2020-10-04 16:16,45.41493100,-73.889611,20.1
2020-10-04 16:16,45.41494200,-73.88961,20.4
2020-10-04 16:16,45.41497000,-73.889595,20.3
2020-10-04 16:16,45.41501200,-73.889568,21.2
2020-10-04 16:16,45.41507100,-73.88957,20.5
2020-10-04 16:17,45.41531900,-73.889612,18.2
2020-10-04 16:17,45.41534400,-73.889647,17.5
2020-10-04 16:17,45.41535500,-73.889687,17.2
2020-10-04 16:17,45.41535400,-73.889729,18.1
2020-10-04 16:17,45.41530200,-73.889969,18.9
2020-10-04 16:17,45.41532500,-73.890038,18.8
2020-10-04 16:17,45.41527400,-73.89024,19.9
2020-10-04 16:17,45.41524400,-73.890278,20.2
2020-10-04 16:17,45.41522400,-73.890345,20.2
2020-10-04 16:17,45.41521500,-73.890422,21.1
2020-10-04 16:18,45.41520100,-73.890558,21.9
2020-10-04 16:18,45.41518400,-73.890622,22.1
2020-10-04 16:18,45.41517000,-73.890702,22
2020-10-04 16:18,45.41517000,-73.890702,22.4
2020-10-04 16:18,45.41517000,-73.890702,22.6
2020-10-04 16:18,45.41517200,-73.890719,22.8
2020-10-04 16:18,45.41512700,-73.890948,23.2
2020-10-04 16:19,45.41508200,-73.891154,24
2020-10-04 16:19,45.41507700,-73.891179,24
2020-10-04 16:19,45.41507700,-73.89119,23.8
2020-10-04 16:19,45.41507300,-73.891241,24.6
2020-10-04 16:19,45.41503800,-73.891411,24.5
2020-10-04 16:19,45.41503100,-73.891464,25.3
2020-10-04 16:19,45.41499900,-73.891619,25.2
2020-10-04 16:19,45.41497200,-73.891771,25.6
2020-10-04 16:19,45.41497300,-73.891918,26
2020-10-04 16:19,45.41496800,-73.89198,25.7
2020-10-04 16:19,45.41497500,-73.891987,25.2
2020-10-04 16:20,45.41498500,-73.892026,25.4
2020-10-04 16:20,45.41497300,-73.892063,25.3
2020-10-04 16:20,45.41496200,-73.8921,25.1
2020-10-04 16:20,45.41494600,-73.892186,25.6
2020-10-04 16:20,45.41492300,-73.892261,25.6
2020-10-04 16:20,45.41487400,-73.892577,25.8
2020-10-04 16:20,45.41488200,-73.892629,25.8
2020-10-04 16:20,45.41486500,-73.89277,26.2
2020-10-04 16:20,45.41484700,-73.89282,26.3
2020-10-04 16:20,45.41481100,-73.89287,25.8
2020-10-04 16:21,45.41478400,-73.893097,25.1
2020-10-04 16:21,45.41477500,-73.893162,25.2
2020-10-04 16:21,45.41471600,-73.893439,25.5
2020-10-04 16:21,45.41471300,-73.893525,26
2020-10-04 16:21,45.41470500,-73.893607,26.1
2020-10-04 16:21,45.41472000,-73.893688,25.8
2020-10-04 16:21,45.41471700,-73.893839,26
2020-10-04 16:21,45.41472600,-73.89388,25.8
2020-10-04 16:21,45.41471200,-73.893974,25.9
2020-10-04 16:22,45.41471300,-73.894058,26.8
2020-10-04 16:22,45.41469600,-73.894232,27.1
2020-10-04 16:22,45.41470500,-73.894395,27.7
2020-10-04 16:22,45.41469400,-73.894439,27.9
2020-10-04 16:22,45.41466400,-73.894533,27.6
2020-10-04 16:22,45.41460100,-73.894927,28.2
2020-10-04 16:23,45.41460300,-73.895082,27.7
2020-10-04 16:23,45.41447500,-73.895763,26.9
2020-10-04 16:23,45.41447200,-73.895858,26.7
2020-10-04 16:23,45.41445600,-73.895905,26.1
2020-10-04 16:24,45.41442800,-73.896053,25.9
2020-10-04 16:24,45.41439200,-73.896114,26
2020-10-04 16:24,45.41438600,-73.89614,25.8
2020-10-04 16:24,45.41438600,-73.89614,26
2020-10-04 16:24,45.41438200,-73.896154,25.9
2020-10-04 16:24,45.41436900,-73.896195,25.6
2020-10-04 16:24,45.41435600,-73.896237,25.5
2020-10-04 16:24,45.41433400,-73.896285,25.7
2020-10-04 16:24,45.41422100,-73.896686,25.4
2020-10-04 16:25,45.41420700,-73.896757,25.5
2020-10-04 16:25,45.41420700,-73.896757,25.8
2020-10-04 16:25,45.41420600,-73.896759,25.8
2020-10-04 16:25,45.41420600,-73.896759,25.8
2020-10-04 16:25,45.41420600,-73.896759,25.8
2020-10-04 16:25,45.41420700,-73.896753,25.9
2020-10-04 16:25,45.41420700,-73.896753,26
2020-10-04 16:25,45.41420700,-73.896753,26
2020-10-04 16:25,45.41420800,-73.896755,25.9
2020-10-04 16:25,45.41419100,-73.896806,26
2020-10-04 16:25,45.41415700,-73.896895,26.3
2020-10-04 16:25,45.41415400,-73.896903,26.3
2020-10-04 16:25,45.41415500,-73.896929,26.3
2020-10-04 16:25,45.41415800,-73.896985,26
2020-10-04 16:25,45.41416400,-73.897017,25.7
2020-10-04 16:25,45.41416600,-73.897028,25.7
2020-10-04 16:25,45.41416600,-73.897028,25.7
2020-10-04 16:25,45.41416700,-73.897035,25.5
2020-10-04 16:25,45.41416600,-73.897042,25.3
2020-10-04 16:25,45.41416800,-73.897048,25.7
2020-10-04 16:25,45.41416800,-73.897048,25.7
2020-10-04 16:25,45.41416800,-73.89705,25.7
2020-10-04 16:25,45.41415300,-73.897071,24.9
2020-10-04 16:25,45.41414800,-73.897077,24.6
2020-10-04 16:25,45.41413800,-73.897081,24.5
2020-10-04 16:25,45.41413300,-73.89708,24.2
2020-10-04 16:25,45.41412900,-73.89708,24.3
2020-10-04 16:26,45.41412900,-73.89708,23.9
2020-10-04 16:26,45.41411500,-73.897082,24.3
2020-10-04 16:26,45.41411500,-73.897082,24.3
2020-10-04 16:26,45.41411500,-73.897082,24.3
2020-10-04 16:26,45.41411800,-73.897076,24.4
2020-10-04 16:26,45.41411800,-73.897076,24.4
2020-10-04 16:26,45.41411800,-73.897076,24.4
2020-10-04 16:26,45.41411800,-73.897076,24.5
2020-10-04 16:26,45.41412700,-73.897085,24.3
2020-10-04 16:26,45.41413500,-73.897103,24.5
2020-10-04 16:26,45.41418700,-73.897212,25.6
2020-10-04 16:26,45.41418500,-73.897306,25.1
2020-10-04 16:26,45.41418000,-73.897356,25.8
2020-10-04 16:26,45.41415400,-73.897405,25.3
2020-10-04 16:26,45.41409300,-73.897562,26.1
2020-10-04 16:26,45.41408500,-73.897609,25.4
2020-10-04 16:27,45.41405800,-73.89768,26.1
2020-10-04 16:27,45.41403600,-73.897725,26.2
2020-10-04 16:27,45.41403000,-73.897737,26.2
2020-10-04 16:27,45.41401600,-73.897798,25.8
2020-10-04 16:27,45.41402300,-73.897815,26.1
2020-10-04 16:27,45.41407100,-73.897822,26.1
2020-10-04 16:27,45.41411000,-73.897783,25.7
2020-10-04 16:27,45.41419500,-73.89775,26.8
2020-10-04 16:27,45.41422900,-73.897757,27
2020-10-04 16:27,45.41427400,-73.89776,27
2020-10-04 16:27,45.41432200,-73.897749,26.7
2020-10-04 16:27,45.41432800,-73.89774,26.8
2020-10-04 16:27,45.41432700,-73.897584,26.9
2020-10-04 16:27,45.41433000,-73.897541,26.7
2020-10-04 16:27,45.41433000,-73.897518,27.1
2020-10-04 16:28,45.41432900,-73.897509,27
2020-10-04 16:28,45.41432900,-73.897509,27
2020-10-04 16:28,45.41433000,-73.897468,27.1
2020-10-04 16:28,45.41437000,-73.897449,26.8
2020-10-04 16:28,45.41437100,-73.897449,26.7
2020-10-04 16:28,45.41437200,-73.897449,26.7
2020-10-04 16:28,45.41437900,-73.897442,26.6
2020-10-04 16:28,45.41437900,-73.897442,26.7
2020-10-04 16:28,45.41437900,-73.897442,26.6
2020-10-04 16:28,45.41438500,-73.897415,26.4
2020-10-04 16:28,45.41438300,-73.897407,26.4
2020-10-04 16:28,45.41438300,-73.897407,25.9
2020-10-04 16:28,45.41437100,-73.897401,26
2020-10-04 16:28,45.41437100,-73.897401,25.9
2020-10-04 16:28,45.41437100,-73.897401,26.3
2020-10-04 16:28,45.41436500,-73.897404,26.3
2020-10-04 16:28,45.41435700,-73.897412,26.5
2020-10-04 16:29,45.41429500,-73.897475,26.6
2020-10-04 16:29,45.41426600,-73.897536,26.4
2020-10-04 16:29,45.41426100,-73.897578,26.8
2020-10-04 16:29,45.41425100,-73.897617,26.6
2020-10-04 16:29,45.41417900,-73.897738,26.5
2020-10-04 16:29,45.41415800,-73.897764,26.3
2020-10-04 16:29,45.41407000,-73.897849,26.7
2020-10-04 16:29,45.41402500,-73.897849,26.3
2020-10-04 16:29,45.41397700,-73.897894,25.7
2020-10-04 16:29,45.41396300,-73.897933,26.3
2020-10-04 16:29,45.41393000,-73.897971,26.2
2020-10-04 16:29,45.41391400,-73.898011,25.9
2020-10-04 16:29,45.41389900,-73.898044,26
2020-10-04 16:29,45.41387500,-73.898076,26.1
2020-10-04 16:30,45.41381000,-73.898242,26.2
2020-10-04 16:30,45.41377800,-73.89829,26.4
2020-10-04 16:30,45.41377500,-73.898305,26.3
2020-10-04 16:30,45.41375900,-73.898345,26
2020-10-04 16:30,45.41372100,-73.898434,25.8
2020-10-04 16:30,45.41372300,-73.898522,26.1
2020-10-04 16:30,45.41373700,-73.898523,26
2020-10-04 16:30,45.41375100,-73.898521,25.8
2020-10-04 16:30,45.41375100,-73.898521,25.9
2020-10-04 16:30,45.41375100,-73.898521,26
2020-10-04 16:30,45.41377200,-73.898512,26
2020-10-04 16:30,45.41378100,-73.898513,26.1
2020-10-04 16:30,45.41378100,-73.898513,26.1
2020-10-04 16:30,45.41378100,-73.898513,26.3
2020-10-04 16:30,45.41381200,-73.898531,26.4
2020-10-04 16:30,45.41383400,-73.898497,27.4
2020-10-04 16:31,45.41383200,-73.89843,27.7
2020-10-04 16:31,45.41383200,-73.89843,27.9
2020-10-04 16:31,45.41383200,-73.89843,27.4
2020-10-04 16:31,45.41384100,-73.898416,27.6
2020-10-04 16:31,45.41384100,-73.898416,27.8
2020-10-04 16:31,45.41384100,-73.898416,27.6
2020-10-04 16:31,45.41385200,-73.898403,27.5
2020-10-04 16:31,45.41385200,-73.898403,27.5
2020-10-04 16:31,45.41385200,-73.898403,27.5
2020-10-04 16:31,45.41385200,-73.898403,28.1
2020-10-04 16:31,45.41385400,-73.898406,28.2
2020-10-04 16:31,45.41384700,-73.898425,28.5
2020-10-04 16:31,45.41382400,-73.898466,28.5
2020-10-04 16:31,45.41377700,-73.898491,26.9
2020-10-04 16:31,45.41376600,-73.898535,27.1
2020-10-04 16:32,45.41367500,-73.898832,25.1
2020-10-04 16:32,45.41367900,-73.898845,25.4
2020-10-04 16:32,45.41368900,-73.898854,25.1
2020-10-04 16:32,45.41368900,-73.898854,25.3
2020-10-04 16:32,45.41370100,-73.89886,25
2020-10-04 16:32,45.41370100,-73.89886,25
2020-10-04 16:32,45.41370100,-73.89886,25
2020-10-04 16:32,45.41370100,-73.89886,25.6
2020-10-04 16:32,45.41370600,-73.898868,25.5
2020-10-04 16:32,45.41370300,-73.898875,25.6
2020-10-04 16:32,45.41370900,-73.898919,25.4
2020-10-04 16:32,45.41370500,-73.898967,25.2
2020-10-04 16:32,45.41366200,-73.899093,25.1
2020-10-04 16:32,45.41364200,-73.89915,25.5
2020-10-04 16:32,45.41360600,-73.899236,25.8
2020-10-04 16:32,45.41355600,-73.899314,25.1
2020-10-04 16:32,45.41354800,-73.899355,25.4
2020-10-04 16:33,45.41352700,-73.899413,25.7
2020-10-04 16:33,45.41351300,-73.899458,25.4
2020-10-04 16:33,45.41352000,-73.899513,25.5
2020-10-04 16:33,45.41350100,-73.899553,25.6
2020-10-04 16:33,45.41342700,-73.899803,25.2
2020-10-04 16:33,45.41338400,-73.899994,26
2020-10-04 16:33,45.41331500,-73.900222,26.3
2020-10-04 16:33,45.41331100,-73.900265,26.3
2020-10-04 16:33,45.41329700,-73.900323,27.4
2020-10-04 16:34,45.41328500,-73.90036,27.5
2020-10-04 16:34,45.41327200,-73.900383,27.5
2020-10-04 16:34,45.41325600,-73.900401,27
2020-10-04 16:34,45.41322500,-73.900432,26.5
2020-10-04 16:34,45.41320800,-73.900518,27
2020-10-04 16:34,45.41319600,-73.900564,28.2
2020-10-04 16:34,45.41318000,-73.900613,28.2
2020-10-04 16:34,45.41315500,-73.900671,27.7
2020-10-04 16:34,45.41314500,-73.900745,26.7
2020-10-04 16:34,45.41314800,-73.900753,26.7
2020-10-04 16:34,45.41314300,-73.900798,26.8
2020-10-04 16:34,45.41314000,-73.900806,27.5
2020-10-04 16:34,45.41313800,-73.900808,27.3
2020-10-04 16:34,45.41313800,-73.900808,27
2020-10-04 16:34,45.41314000,-73.900811,27
2020-10-04 16:34,45.41314000,-73.900818,27.1
2020-10-04 16:34,45.41311200,-73.900828,26.9
2020-10-04 16:34,45.41308800,-73.900824,26.6
2020-10-04 16:34,45.41308800,-73.900824,26.9
2020-10-04 16:34,45.41308300,-73.900819,26.6
2020-10-04 16:34,45.41308000,-73.900832,27
2020-10-04 16:34,45.41308000,-73.900832,26.8
2020-10-04 16:34,45.41307800,-73.900839,26.9
2020-10-04 16:34,45.41307800,-73.900839,26.8
2020-10-04 16:34,45.41307800,-73.900839,26.8
2020-10-04 16:34,45.41308200,-73.900833,27
2020-10-04 16:34,45.41309300,-73.90084,27.3
2020-10-04 16:35,45.41309300,-73.90084,27.2
2020-10-04 16:35,45.41310900,-73.900835,27.3
2020-10-04 16:35,45.41310800,-73.900822,27.2
2020-10-04 16:35,45.41309500,-73.900814,27.1
2020-10-04 16:35,45.41307000,-73.900807,27.3
2020-10-04 16:35,45.41304400,-73.900799,27.3
2020-10-04 16:35,45.41302400,-73.900772,28
2020-10-04 16:35,45.41299100,-73.900743,28.3
2020-10-04 16:35,45.41288800,-73.90068,27.7
2020-10-04 16:35,45.41282600,-73.900646,27.9
2020-10-04 16:35,45.41277200,-73.900608,27.1
2020-10-04 16:35,45.41272000,-73.900582,27.8
2020-10-04 16:35,45.41270000,-73.900573,27.7
2020-10-04 16:36,45.41246500,-73.900536,26.6
2020-10-04 16:36,45.41238900,-73.900513,27.4
2020-10-04 16:36,45.41237700,-73.900509,27.6
2020-10-04 16:36,45.41231700,-73.900487,27.4
2020-10-04 16:36,45.41225600,-73.90048,27
2020-10-04 16:36,45.41213300,-73.900445,27.3
2020-10-04 16:36,45.41200400,-73.900457,26.9
2020-10-04 16:36,45.41199000,-73.900459,26.8
2020-10-04 16:36,45.41193600,-73.900449,26.6
2020-10-04 16:37,45.41151900,-73.900316,24.7
2020-10-04 16:37,45.41148600,-73.900277,24.2
2020-10-04 16:37,45.41148400,-73.900274,23.7
2020-10-04 16:37,45.41147500,-73.900275,23.1
2020-10-04 16:37,45.41144300,-73.900256,23.2
2020-10-04 16:37,45.41144300,-73.900256,23.2
2020-10-04 16:37,45.41144100,-73.900253,23.1
2020-10-04 16:37,45.41144100,-73.900253,23
2020-10-04 16:37,45.41144100,-73.900253,23
2020-10-04 16:37,45.41142800,-73.900255,23.1
2020-10-04 16:37,45.41142800,-73.900255,22.8
2020-10-04 16:37,45.41142800,-73.900255,22.9
2020-10-04 16:37,45.41141500,-73.900275,22.8
2020-10-04 16:37,45.41141500,-73.900279,23
2020-10-04 16:37,45.41141500,-73.900279,22.9
2020-10-04 16:38,45.41141500,-73.900279,23.1
2020-10-04 16:38,45.41140600,-73.9003,22.5
2020-10-04 16:38,45.41142000,-73.900317,21.9
2020-10-04 16:38,45.41142000,-73.900317,21.7
2020-10-04 16:38,45.41144300,-73.900297,21.7
2020-10-04 16:38,45.41149200,-73.900296,21.7
2020-10-04 16:38,45.41151900,-73.900296,20.9
2020-10-04 16:38,45.41172700,-73.900322,20.7
2020-10-04 16:38,45.41176300,-73.900336,20.4
2020-10-04 16:39,45.41177900,-73.900341,20.4
2020-10-04 16:39,45.41181700,-73.90036,21.3
2020-10-04 16:39,45.41183600,-73.900397,22
2020-10-04 16:39,45.41184000,-73.900411,21.9
2020-10-04 16:39,45.41184400,-73.900421,22.1
2020-10-04 16:39,45.41189000,-73.900457,21.8
2020-10-04 16:39,45.41197900,-73.900467,21.8
2020-10-04 16:39,45.41200200,-73.900466,21.5
2020-10-04 16:39,45.41203000,-73.900492,21.3
2020-10-04 16:39,45.41207400,-73.900515,20.9
2020-10-04 16:39,45.41224300,-73.900575,21.9
2020-10-04 16:39,45.41227300,-73.90058,21.9
2020-10-04 16:39,45.41231000,-73.90058,22.4
2020-10-04 16:40,45.41249200,-73.900664,22.6
2020-10-04 16:40,45.41280100,-73.900739,23.4
2020-10-04 16:40,45.41283700,-73.900762,24
2020-10-04 16:40,45.41286000,-73.900773,24.2
2020-10-04 16:41,45.41292100,-73.900815,25.2
2020-10-04 16:41,45.41292900,-73.900821,25.2
2020-10-04 16:41,45.41296400,-73.900845,25
2020-10-04 16:41,45.41297200,-73.900848,25.1
2020-10-04 16:41,45.41301800,-73.90087,25.3
2020-10-04 16:41,45.41301800,-73.90087,25.3
2020-10-04 16:41,45.41302100,-73.900871,25
2020-10-04 16:41,45.41302200,-73.900867,24.9
2020-10-04 16:41,45.41302200,-73.900867,24.9
2020-10-04 16:41,45.41302100,-73.90086,24.9
2020-10-04 16:41,45.41302100,-73.90086,24.9
2020-10-04 16:41,45.41302100,-73.90086,24.9
2020-10-04 16:41,45.41302100,-73.90086,25
2020-10-04 16:41,45.41302600,-73.900849,25.1
2020-10-04 16:41,45.41303400,-73.900826,24.8
2020-10-04 16:41,45.41303800,-73.900822,24.8
2020-10-04 16:41,45.41304500,-73.900824,24.9
2020-10-04 16:41,45.41306700,-73.900839,24.9
2020-10-04 16:41,45.41307400,-73.900849,24.9
2020-10-04 16:41,45.41307400,-73.900849,24.9
2020-10-04 16:41,45.41306900,-73.900844,24.8
2020-10-04 16:41,45.41306800,-73.900837,24.7
2020-10-04 16:41,45.41306800,-73.900837,24.9
2020-10-04 16:41,45.41306800,-73.900837,25.2
2020-10-04 16:41,45.41309700,-73.900817,25.2
2020-10-04 16:41,45.41309700,-73.900817,25.2
2020-10-04 16:41,45.41309700,-73.90082,25.4
2020-10-04 16:41,45.41309700,-73.90082,25.4
2020-10-04 16:42,45.41309700,-73.90082,25.6
2020-10-04 16:42,45.41310500,-73.900826,25.3
2020-10-04 16:42,45.41310500,-73.90082,25.4
2020-10-04 16:42,45.41309700,-73.90081,24.6
2020-10-04 16:42,45.41309700,-73.90081,24.6
2020-10-04 16:42,45.41308900,-73.900805,24.9
2020-10-04 16:42,45.41308900,-73.900805,24.9
2020-10-04 16:42,45.41308900,-73.900805,24.9
2020-10-04 16:42,45.41308100,-73.90081,24.5
2020-10-04 16:42,45.41310400,-73.900833,24.9
2020-10-04 16:42,45.41313400,-73.900872,24.8
2020-10-04 16:42,45.41314500,-73.900916,24.6
2020-10-04 16:42,45.41310000,-73.901042,23.9
2020-10-04 16:43,45.41302100,-73.901298,25.1
2020-10-04 16:43,45.41302000,-73.901431,25.4
2020-10-04 16:43,45.41301600,-73.901471,25.4
2020-10-04 16:43,45.41299100,-73.901563,25.6
2020-10-04 16:43,45.41295900,-73.90159,25.6
2020-10-04 16:43,45.41294000,-73.901619,25.1
2020-10-04 16:43,45.41291200,-73.901898,24.9
2020-10-04 16:43,45.41289900,-73.901917,25.5
2020-10-04 16:43,45.41289900,-73.90192,25.6
2020-10-04 16:43,45.41289900,-73.90192,25.6
2020-10-04 16:43,45.41289900,-73.90192,25.6
2020-10-04 16:43,45.41289300,-73.901926,26
2020-10-04 16:43,45.41289300,-73.901926,26
2020-10-04 16:43,45.41288400,-73.901927,25.9
2020-10-04 16:43,45.41285300,-73.901925,26.1
2020-10-04 16:43,45.41285600,-73.901884,24.7
2020-10-04 16:43,45.41285900,-73.901882,24.9
2020-10-04 16:43,45.41286800,-73.9019,24.8
2020-10-04 16:44,45.41286400,-73.901913,24.9
2020-10-04 16:44,45.41283700,-73.901947,25.2
2020-10-04 16:44,45.41281400,-73.901994,25.6
2020-10-04 16:44,45.41281400,-73.901994,25.6
2020-10-04 16:44,45.41280800,-73.902,25.5
2020-10-04 16:44,45.41278200,-73.90205,25.5
2020-10-04 16:44,45.41277700,-73.902061,25.4
2020-10-04 16:44,45.41277600,-73.902068,25.2
2020-10-04 16:44,45.41278000,-73.90205,24.5
2020-10-04 16:44,45.41277900,-73.902031,24.6
2020-10-04 16:44,45.41277700,-73.901983,24.8
2020-10-04 16:44,45.41278200,-73.901949,25.3
2020-10-04 16:44,45.41278600,-73.901953,25